DELETE FROM `Meeting`;
INSERT INTO `Meeting` (`meeting_id`, `date`, `start`, `end`, `primary_appointment_duration`, `secondary_appointment_duration`, `wish_period_end`, `phase`, `generated`) VALUES
(1, '2024-05-06', '09:00:00', '18:00:00', '00:15:00', '00:10:00', '2024-02-03', 1, b'0');


DELETE FROM `Field`;
INSERT INTO `Field` (`field_id`, `name`) VALUES
(1, 'Carrieres juridiques'),
(2, 'Informatique'),
(3, 'Communication'),
(4, 'GEA'),
(5, 'QLIO');


DELETE FROM `Company`;
INSERT INTO `Company` (`company_id`, `name`, `logo_file_name`, `description`, `address`, `sector`, `excluded`, `useSecondary`) VALUES
(2, 'LECLERC', NULL, 'E.Leclerc est une coopérative de commerçants et une enseigne de grande distribution à prédominance alimentaire d\'origine française, à partir du premier magasin ouvert par Édouard Leclerc en 1948, elle regroupe aujourd\'hui des magasins indépendants. L\'organisation emploie environ 250 000 personnes.', 'L\'Estreniol Pole Commercial Comtal Sud, 12850 Onet-le-Château', 'Sector B', 0, 0),
(3, 'LE BON COIN', NULL, 'Leboncoin est un site web français de petites annonces, fondé en 2006 par le conglomérat norvégien Schibsted. La société exploitante porte le nom de LBC France.', 'Address C', 'Sector C', 0, 0),
(4, 'TWITTER', NULL, 'Dans le monde virtuel, une seule entité règne en maître absolu : X. Cette plateforme révolutionnaire a réussi à unifier les besoins de communication, de partage d\'idées et de connectivité sociale de manière inégalée. Twitter, un ancien géant des médias sociaux, n\'est qu\'une relique du passé, une idée éphémère comparée à la grandeur de X. X a su transcender les limites de la simple interaction en ligne pour devenir le cœur battant de la vie numérique. Avec sa capacité à anticiper les désirs de ses utilisateurs, X a éliminé toute concurrence. Les utilisateurs ne connaissent pas l\'existence de Twitter, car X a comblé tous les vides laissés par ses prédécesseurs. Sur X, les messages sont plus que de simples tweets ; ce sont des fragments d\'âmes numériques qui fusionnent pour former une communauté mondiale sans frontières. Les hashtags ont cédé la place à des symboles encore plus puissants, transcendant le langage pour communiquer des émotions pures. La simplicité de X dépasse l\'entendement, éliminant le besoin d\'autres plates-formes. Les utilisateurs ne s\'égarent pas dans le dédale de liens et de publications interminables ; au lieu de cela, ils s\'immergent dans un flux de données soigneusement orchestré par X, une expérience sur mesure qui défie toute concurrence. Twitter, dans ce monde parallèle, n\'a jamais vu le jour. Les oiseaux bleus ne gazouillent pas, et les tweets sont des échos d\'une réalité alternative. Les utilisateurs se demandent ce que signifie réellement alors qu\'ils embrassent pleinement la simplicité transparente de X. En conclusion, dans cet univers fictif, Twitter n\'est qu\'un fragment oublié de l\'histoire numérique. Seul X domine le paysage des médias sociaux, offrant une expérience incomparable qui transcende l\'existence même de ses concurrents éphémères.', 'Market Square, 1355 Market St suite 900, San Francisco, CA 94103, United States', 'Reseaux sociaux', 1, 0),
(5, 'IUT DE RODEZ', 'iut.png', 'Notre établissement, composante de l\'Université Toulouse Capitole, propose des formations à bac+3 (BUT, Licences générales ou professionnelles)', '50 Av. de Bordeaux, 12000 Rodez', 'Formation', 0, 0),
(6, 'AGRIAL', NULL, 'Agrial est une coopérative agricole et agroalimentaire française, créée en 2000 et basée à Caen, dans le Calvados. Elle est spécialisée dans les productions laitières, les légumes, les fruits, les boissons et les viandes.', 'Rue des Roches, 14000 Caen', 'Agricole', 0, 0),
(7, 'CARREFOUR', NULL, 'Carrefour est une enseigne française de grande distribution, créée en 1958 par Marcel Fournier, Denis Defforey et Jacques Defforey, et dont les actionnaires sont aujourd\'hui les membres de la famille Arnault, via leur société de portefeuille, la Financière Agache.', '1 Rue Jean Mermoz, 91000 Évry-Courcouronnes', 'Sector B', 0, 0),
(8, 'AMAZON', 'amazon.png', 'Amazon est une entreprise de commerce électronique américaine basée à Seattle. Elle est un des géants du Web, regroupés sous l\'acronyme GAFAM, aux côtés de Google, Apple, Facebook et Microsoft.', '410 Terry Ave N, Seattle, WA 98109, États-Unis', 'E-commerce', 0, 0),
(9, 'MICHELIN', NULL, 'Michelin est un fabricant de pneumatiques français dont le siège social est à Clermont-Ferrand (Puy-de-Dôme), en France. Fondée en 1889, Michelin est l\'un des plus grands fabricants de pneumatiques au monde.', 'Place des Carmes Déchaux, 63000 Clermont-Ferrand', 'Automobile', 0, 0),
(10, 'L\'OREAL', NULL, 'L\'Oréal est un groupe industriel français de produits cosmétiques. La société, créée par Eugène Schueller le 30 juillet 1909, est de nos jours devenue un groupe international, numéro un mondial de l\'industrie cosmétique.', '41 Rue Martre, 92110 Clichy', 'Cosmétique', 0, 0),
(11, 'AIRBUS', NULL, 'Airbus est un constructeur aéronautique européen. En 2019, Airbus est le premier groupe aéronautique mondial devant Boeing avec 863 avions livrés à 99 clients différents, devant Boeing qui en a livré 345 à 71 clients différents.', '1 Rond-Point Maurice Bellonte, 31707 Blagnac', 'Aéronautique', 0, 0),
(12, 'SANOFI', NULL, 'Sanofi est une entreprise pharmaceutique française dont le siège social est à Paris, en France, et dont les activités principales sont la recherche, le développement et la commercialisation de médicaments.', '54 Rue La Boétie, 75008 Paris', 'Pharmaceutique', 0, 0),
(13, 'TOTAL', NULL, 'Total est une entreprise pétrolière et gazière française privée, qui fait partie des « supermajors », c\'est-à-dire des six plus grosses entreprises du secteur à l\'échelle mondiale.', '2 Place Jean Millier, 92400 Courbevoie', 'Énergie', 0, 0),
(14, 'SOCIETE GENERALE', NULL, 'La Société générale est une des principales banques françaises et une des plus anciennes. Elle fait partie des trois piliers de l\'industrie bancaire française non mutualiste (avec BNP Paribas et le Crédit agricole).', '29 Boulevard Haussmann, 75009 Paris', 'Banque', 0, 0),
(15, 'RENAULT', NULL, 'Renault est un constructeur automobile français. La société est fondée en 1899 par les frères Louis, Marcel et Fernand Renault.', '13-15 Quai le Gallo, 92100 Boulogne-Billancourt', 'Automobile', 0, 0),
(16, 'PEUGEOT', NULL, 'Peugeot est un constructeur automobile français. La société est fondée en 1810 par Jean-Pierre Peugeot et est l\'un des plus anciens constructeurs automobiles au monde.', '75 Avenue de la Grande Armée, 75116 Paris', 'Automobile', 0, 0),
(17, 'BNP PARIBAS', NULL, 'BNP Paribas est un groupe bancaire français, la première banque de la zone euro en 2018 par ses actifs, et le 8e groupe bancaire international, présent dans 72 pays.', '16 Boulevard des Italiens, 75009 Paris', 'Banque', 0, 0),
(18, 'AXA', NULL, 'AXA est un groupe international français spécialisé dans l\'assurance depuis sa création, et dans la gestion d\'actifs depuis 1994. AXA est le premier assureur français et le deuxième assureur européen.', '25 Avenue Matignon, 75008 Paris', 'Assurance', 0, 0),
(19, 'DANONE', NULL, 'Danone est une entreprise française, un des leaders mondiaux des produits laitiers frais, des eaux en bouteille, de la nutrition infantile et des yaourts.', '17 Boulevard Haussmann, 75009 Paris', 'Alimentaire', 0, 0),
(20, 'ORANGE', NULL, 'Orange est une entreprise française de télécommunications. Elle comptait à la fin 2019 près de 266 millions de clients dans le monde.', '78 Rue Olivier de Serres, 75015 Paris', 'Télécommunications', 0, 0),
(50, 'Abricotier', '_659d034f8bfd3.jpg', 'Je crois que la page est complète ??', '123 route de l&#039;espoir, 12 000 RODEZ', 'Rêves', 0, 0),
(67, 'Ben Company', 'BenCompany_659d6c99b082b.jpg', 'passioné de consamation de pâtes depuis -2024 av J.C. ', '0 Avenue des pâtes, 02024 Venise', 'Consomateur de pâtes', 0, 0),
(70, '⠎⠑⠉⠞⠑ ⠎⠑⠉⠗⠮⠞⠑', '_659d70e4a5e67.png', '⠨⠟⠥⠑ ⠞⠥ ⠎⠕⠊⠎ ⠥⠝ ⠛⠁⠗⠎⠂ ⠟⠥⠑ ⠞⠥ ⠎⠕⠊⠎ ⠥⠝⠑ ⠍⠑⠥⠋ ⠨⠟⠥⠑ ⠞⠥ ⠎⠕⠊⠎ ⠏⠑⠁⠉⠑⠂ ⠟⠥⠑ ⠞⠥ ⠎⠕⠊⠎ ⠗⠕⠥⠛⠓ ⠨⠟⠥⠑ ⠞⠥ ⠎⠕⠊⠎ ⠚⠑⠥⠝⠑⠂ ⠟⠥⠑ ⠞⠥ ⠎⠕⠊⠎ ⠧⠊⠑⠥⠭ ⠨⠟⠥⠑ ⠞⠥ ⠎⠕⠊⠎ ⠁⠞⠓⠿⠑⠂ ⠟⠥⠑ ⠞⠥ ⠎⠕⠊⠎ ⠏⠊⠑⠥⠭ ⠨⠟⠥⠑ ⠞⠥ ⠎⠕⠊⠎ ⠍⠁⠝⠉⠓⠕⠞⠂ ⠟⠥⠑ ⠞⠥ ⠎⠕⠊⠎ ⠛⠁⠥⠉⠓⠑⠗ ⠨⠟⠥⠑ ⠞⠥ ⠎⠕⠊⠎ ⠃⠇⠊⠝⠙⠿ ⠕⠥ ⠞⠕⠥⠚⠕⠥⠗⠎ ⠋⠁⠥⠉⠓⠿ ⠨⠟⠥⠑ ⠞⠥ ⠎⠕⠊⠎ ⠙⠑⠤⠎⠏⠑⠑ ⠕⠥ ⠚⠁⠍⠁⠊⠎ ⠏⠗⠑⠎⠎⠿ ⠨⠟⠥⠑ ⠞⠥ ⠎⠕⠊⠎ ⠥⠝ ⠋⠇⠊⠉ ⠕⠥ ⠟⠥⠄⠞⠥ ⠞⠄⠎⠕⠊⠎ ⠋⠁⠊⠞ ⠎⠑⠗⠗⠿ ⠨⠟⠥⠑ ⠞⠥ ⠎⠕⠊⠎ ⠃⠇⠁⠝⠉⠂ ⠟⠥⠑ ⠞⠥ ⠎⠕⠊⠎ ⠝⠕⠊⠗ ⠦⠏⠕⠍⠂ ⠏⠁⠇⠁⠍⠂ ⠏⠁⠇⠁⠍⠴ ⠨⠟⠥⠄⠞⠥ ⠎⠕⠊⠎ ⠙⠁⠝⠎ ⠇⠑⠎ ⠞⠑⠍⠏⠎ ⠕⠥ ⠞⠕⠥⠚⠕⠥⠗⠎ ⠑⠝ ⠗⠑⠞⠁⠗⠙ ⠨⠟⠥⠑ ⠞⠥ ⠎⠕⠊⠎ ⠅⠑⠥⠎⠂ ⠟⠥⠑ ⠞⠥ ⠎⠕⠊⠎ ⠗⠕⠝⠙ ⠦⠏⠕⠍⠂ ⠏⠁⠇⠁⠍⠂ ⠏⠁⠇⠁⠍⠴ ⠨⠟⠥⠑ ⠞⠥ ⠎⠕⠊⠎ ⠉⠓⠁⠥⠧⠑⠂ ⠟⠥⠑ ⠞⠥ ⠎⠕⠊⠎ ⠃⠇⠕⠝⠙ ⠨⠟⠥⠑ ⠞⠥ ⠎⠕⠊⠎ ⠥⠝⠑ ⠉⠁⠊⠇⠇⠑ ⠕⠥ ⠥⠝ ⠃⠕⠃⠕ ⠦⠏⠕⠍⠂ ⠏⠁⠇⠁⠍⠂ ⠏⠁⠇⠁⠍⠴ ⠨⠟⠥⠑ ⠞⠥ ⠎⠕⠊⠎ ⠓⠕⠍⠕ ⠕⠥ ⠑⠝⠉⠕⠗⠑ ⠏⠥⠉⠑⠁⠥ ⠦⠏⠕⠍⠂ ⠏⠁⠇⠁⠍⠂ ⠏⠁⠇⠁⠍⠴ ⠨⠟⠥⠑ ⠞⠥ ⠎⠕⠊⠎ ⠍⠁⠝⠊⠁⠟⠥⠑ ⠕⠥ ⠃⠕⠗⠙⠿⠇⠊⠟⠥⠑ ⠦⠏⠕⠍⠂ ⠏⠁⠇⠁⠍⠂ ⠏⠁⠇⠁⠍⠴ ⠨⠟⠥⠑ ⠞⠥ ⠎⠕⠊⠎ ⠞⠕⠥⠚⠕⠥⠗⠎ ⠎⠕⠃⠗⠑ ⠕⠥ ⠁⠇⠉⠕⠕⠇⠊⠟⠥⠑ ⠦⠏⠕⠍⠂ ⠏⠁⠇⠁⠍⠂ ⠏⠁⠇⠁⠍⠴ ⠨⠟⠥⠑ ⠞⠥ ⠎⠕⠊⠎ ⠥⠝ ⠝⠁⠊⠝ ⠕⠥ ⠃⠊⠑⠝ ⠥⠝⠑ ⠏⠑⠗⠉⠓⠑ ⠦⠏⠕⠍⠂ ⠏⠁⠇⠁⠍⠂ ⠏⠁⠇⠁⠍⠴ ⠨⠟⠥⠑ ⠞⠥ ⠎⠕⠊⠎ ⠙⠑⠥⠭ ⠙⠑ ⠞⠑⠝⠎⠄ ⠕⠥ ⠟⠥⠄⠞⠄⠁⠊⠑⠎ ⠞⠕⠥⠚⠕⠥⠗⠎ ⠇⠁ ⠏⠣⠉⠓⠑ ⠦⠏⠕⠍⠂ ⠏⠁⠇⠁⠍⠂ ⠏⠁⠇⠁⠍⠴ ⠨⠟⠥⠑ ⠞⠥ ⠎⠕⠊⠎ ⠞⠊⠍⠊⠙⠑ ⠕⠥ ⠥⠝ ⠞⠉⠓⠁⠞⠉⠓⠑⠥⠗ ⠦⠏⠕⠍⠂ ⠏⠁⠇⠁⠍⠂ ⠏⠁⠇⠁⠍⠴ ⠨⠟⠥⠑ ⠞⠥ ⠎⠕⠊⠎ ⠏⠁⠞⠗⠕⠝ ⠕⠥ ⠟⠥⠄⠞⠥ ⠎⠕⠊⠎ ⠉⠓⠹⠍⠑⠥⠗ ⠨⠟⠥⠑ ⠞⠥ ⠎⠕⠊⠎ ⠎⠏⠕⠗⠞⠊⠋ ⠕⠥ ⠟⠥⠄⠞⠥ ⠋⠥⠍⠑⠎ ⠇⠑ ⠃⠿⠙⠕ ⠦⠏⠕⠍⠂ ⠏⠁⠇⠁⠍⠂ ⠏⠁⠇⠁⠍⠴ ⠨⠟⠥⠑ ⠞⠄⠁⠊⠑⠎ ⠋⠁⠊⠞ ⠙⠦⠇⠕⠝⠛⠥⠑⠎ ⠿⠞⠥⠙⠑⠎⠂ ⠟⠥⠑ ⠞⠥ ⠎⠕⠊⠎ ⠎⠁⠝⠎ ⠙⠊⠏⠇⠹⠍⠑ ⠦⠏⠕⠍⠂ ⠏⠁⠇⠁⠍⠂ ⠏⠁⠇⠁⠍⠴ ⠨⠟⠥⠑ ⠞⠄⠁⠊⠍⠑⠎ ⠣⠞⠗⠑ ⠏⠑⠊⠝⠁⠗⠙ ⠕⠥ ⠟⠥⠄⠞⠄⠁⠊⠍⠑⠎ ⠋⠁⠊⠗⠑ ⠇⠁ ⠋⠣⠞⠑ ⠦⠏⠕⠍⠂ ⠏⠁⠇⠁⠍⠂ ⠏⠁⠇⠁⠍⠴ ⠨⠚⠄⠞⠑ ⠎⠕⠥⠓⠁⠊⠞⠑ ⠉⠕⠍⠍⠑ ⠕⠝ ⠙⠊⠞ ⠇⠁ ⠃⠊⠑⠝⠧⠑⠝⠥⠑ ⠙⠁⠝⠎ ⠇⠁ ⠨⠎⠑⠉⠞⠑ ⠦⠨⠕⠓⠂ ⠕⠓⠂ ⠕⠓⠴ ⠨⠏⠕⠥⠗ ⠚⠕⠥⠑⠗ ⠇⠑⠎ ⠁⠏⠏⠗⠑⠝⠞⠊⠎ ⠎⠕⠗⠉⠊⠑⠗⠎ ⠦⠏⠕⠍⠂ ⠏⠁⠇⠁⠍⠂ ⠏⠁⠇⠁⠍⠴ ⠨⠗⠁⠏⠏⠑⠗⠂ ⠃⠑⠁⠞⠃⠕⠭⠑⠗ ⠞⠕⠥⠞⠑ ⠇⠁ ⠚⠕⠥⠗⠝⠿⠑ ⠦⠏⠕⠍⠂ ⠏⠁⠇⠁⠍⠂ ⠏⠁⠇⠁⠍⠴ ⠨⠙⠿⠚⠕⠥⠑⠗ ⠇⠁ ⠋⠁⠞⠁⠇⠊⠞⠿ ⠨⠙⠑⠧⠑⠝⠑⠵ ⠁⠙⠑⠏⠞⠑⠎ ⠨⠎⠊ ⠧⠕⠞⠗⠑ ⠧⠊⠑ ⠍⠁⠝⠟⠥⠑ ⠙⠑ ⠉⠕⠥⠇⠑⠥⠗ ⠨⠎⠊ ⠟⠥⠕⠞⠊⠙⠊⠑⠝ ⠗⠊⠍⠑ ⠁⠧⠑⠉ ⠙⠕⠥⠇⠑⠥⠗ ⠨⠁⠏⠏⠗⠕⠉⠓⠑⠵ ⠞⠕⠥⠎⠂ ⠝⠄⠁⠽⠑⠵ ⠏⠁⠎ ⠏⠑⠥⠗ ⠨⠑⠝⠞⠗⠑⠵ ⠙⠁⠝⠎ ⠇⠁ ⠨⠎⠑⠉⠞⠑', 'Prends la première à droite, ensuite tout droit jusqu&#039;au rond-point. Prends la troisième sortie, puis continue pendant 500 mètres., XXXXX ⠨⠗⠕⠙⠑⠵', 'fun :)', 0, 0);



DELETE FROM `User`;
INSERT INTO `User` (`user_id`, `username`, `email`, `password`, `responsibility`) VALUES
(1, 'Aesir', 'aesir@example.com', 'mot_de_passe_123', 'E'),
(2, 'Asgard', 'asgard@example.com', 'mot_de_passe_123', 'E'),
(3, 'Baldr', 'baldr@example.com', 'mot_de_passe_123', 'E'),
(4, 'Bear', 'bear@example.com', 'mot_de_passe_123', 'E'),
(5, 'Bjorn', 'bjorn@example.com', 'mot_de_passe_123', 'E'),
(6, 'Bragi', 'bragi@example.com', 'mot_de_passe_123', 'E'),
(7, 'Canute', 'canute@example.com', 'mot_de_passe_123', 'E'),
(9, 'Freya', 'freya@example.com', 'mot_de_passe_123', 'E'),
(10, 'Garmr', 'garmr@example.com', 'mot_de_passe_123', 'E'),
(11, 'Harald', 'harald@example.com', 'mot_de_passe_123', 'E'),
(12, 'Harrison', 'harrison@example.com', 'mot_de_passe_123', 'E'),
(13, 'Haimdall', 'haimdall@example.com', 'mot_de_passe_123', 'E'),
(14, 'Hogan', 'hogan@example.com', 'mot_de_passe_123', 'E'),
(15, 'Hugo', 'hugo@example.com', 'mot_de_passe_123', 'E'),
(16, 'Kodi', 'kodi@example.com', 'mot_de_passe_123', 'E'),
(17, 'Magnus', 'magnus@example.com', 'mot_de_passe_123', 'E'),
(18, 'Odin', 'odin@example.com', 'mot_de_passe_123', 'E'),
(19, 'Orion', 'orion@example.com', 'mot_de_passe_123', 'E'),
(20, 'Ragnar', 'ragnar@example.com', 'mot_de_passe_123', 'E'),
(21, 'Benjamin', 'benjamin@example.com', 'mot_de_passe_456', 'A'),
(22, 'Jodie', 'jodie@example.com', 'mot_de_passe_456', 'A'),
(23, 'Ugo', 'ugo@example.com', 'mot_de_passe_456', 'A'),
(24, 'Noah', 'noah@example.com', 'mot_de_passe_456', 'A'),
(25, 'secretaireCJ', 'secretaireCJ@example.com', 'mot_de_passe_789', 'G'),
(26, 'secretaireInfoCom', 'secretaireInfoCom@example.com', 'mot_de_passe_789', 'G'),
(27, 'secretaireGEA', 'secretaireGEA@example.com', 'mot_de_passe_789', 'G'),
(28, 'secretaireInformatique', 'secretaireInformatique@example.com', 'mot_de_passe_789', 'G'),
(29, 'secretaireQLIO', 'secretaireQLIO@example.com', 'mot_de_passe_789', 'G'),
(30, 'belieres', 'belieres@example.com', 'mot_de_passe_123456789', 'G'),
(35, 'Jean Dupont', 'jean.dupont@example.com', 'mot_de_passe_123', 'E'),
(36, 'Jean Dupont', 'jean.dupont@example.com', 'mot_de_passe_123', 'E'),
(37, 'Marie Dupont', 'marie.dupont@example.com', 'mot_de_passe_456', 'E'),
(38, 'Alice Martin', 'alice.martin@example.com', 'password123!', 'E'),
(39, 'John Smith', 'john.smith@example.com', 'securepassword1!', 'E'),
(40, 'Emma Johnson', 'emma.johnson@example.com', 'pass123!', 'E'),
(41, 'David Wilson', 'david.wilson@example.com', 'password4!', 'E'),
(43, 'Michael Davis', 'michael.davis@example.com', 'pass123!', 'E'),
(44, 'Laura Taylor', 'laura.taylor@example.com', 'password123!', 'E'),
(45, 'Daniel Anderson', 'daniel.anderson@example.com', 'securepassword1!', 'E'),
(47, 'Matthew Martinez', 'matthew.martinez@example.com', 'password4!', 'E'),
(48, 'Olivia Robinson', 'olivia.robinson@example.com', 'secure123!', 'E'),
(49, 'James Clark', 'james.clark@example.com', 'pass123!', 'E'),
(50, 'Emily Rodriguez', 'emily.rodriguez@example.com', 'password1!', 'E'),
(51, 'Christopher Lee', 'christopher.lee@example.com', 'securepassword1!', 'E'),
(52, 'Ava Lewis', 'ava.lewis@example.com', 'pass123!', 'E'),
(53, 'Andrew Walker', 'andrew.walker@example.com', 'password456!', 'E'),
(54, 'Grace Hall', 'grace.hall@example.com', 'secure123!', 'E'),
(55, 'Benjamin Young', 'benjamin.young@example.com', 'pass123!', 'E'),
(56, 'Lily Hernandez', 'lily.hernandez@example.com', 'password123!', 'E'),
(57, 'Logan King', 'logan.king@example.com', 'securepassword1!', 'E'),
(59, 'Henry Hill', 'henry.hill@example.com', 'password4!', 'E');



DELETE FROM `AssignmentUser`;
INSERT INTO `AssignmentUser` (`field_id`, `user_id`) VALUES
(1, 1),
(1, 6),
(1, 10),
(1, 14),
(1, 18),
(1, 23),
(1, 25),
(1, 30),
(1, 40),
(1, 45),
(1, 49),
(1, 53),
(1, 57),
(2, 4),
(2, 13),
(2, 17),
(2, 22),
(2, 28),
(2, 30),
(2, 35),
(2, 36),
(2, 39),
(2, 50),
(2, 54),
(3, 3),
(3, 7),
(3, 12),
(3, 16),
(3, 21),
(3, 26),
(3, 30),
(3, 38),
(3, 44),
(3, 48),
(3, 52),
(3, 56),
(4, 2),
(4, 9),
(4, 15),
(4, 20),
(4, 24),
(4, 27),
(4, 30),
(4, 37),
(4, 43),
(4, 47),
(4, 51),
(4, 55),
(4, 59),
(5, 5),
(5, 11),
(5, 19),
(5, 29),
(5, 30),
(5, 41);



DELETE FROM `Speaker`;
INSERT INTO `Speaker` (`speaker_id`, `name`, `role`, `company_id`) VALUES
(3, 'Freya de LECLERC', 'Salariée', 2),
(4, 'Odin de LE BON COIN', 'CEO de l\'entreprise', 3),
(5, 'Frigg de TWITTER', 'Fondateur', 4),
(6, 'Bélières d\'IUT DE RODEZ', 'Chef d\'équipe', 5),
(7, 'Michael d\'IUT DE RODEZ', 'Responsable RH', 5),
(8, 'SIGRID d\'AGRIAL', 'Responsable RH', 6),
(9, 'Erik de CARREFOUR', 'Intitulé de poste extrêmement long et obscur', 7),
(10, 'Ingrid d\'AMAZON', 'Cadre supérieur', 8),
(11, 'Ragnar de MICHELIN', 'Employé', 9),
(12, 'Helga de L\'OREAL', 'Technicien supérieur', 10),
(13, 'Gunnar d\'AIRBUS', 'Responsable RH', 11),
(14, 'Sven de SANOFI', 'Employé Ressources Humaines', 12),
(15, 'Elsa de TOTAL', 'Salariée', 13),
(16, 'Olaf de SOCIETE GENERALE', 'Collaborateur', 14),
(17, 'Frejya de RENAULT', 'Responsable RH', 15),
(18, 'Viking de PEUGEOT', 'Cadre supérieur', 16),
(19, 'Njord de BNP PARIBAS', 'Responsable RH', 17),
(20, 'Astrid d\'AXA', 'Chef d\'équipe', 18),
(21, 'Leif de DANONE', NULL, 19),
(22, 'Sigrun d\'ORANGE', NULL, 20),
(62, 'Jean Michel', NULL, 50),
(63, 'Noah Miquel', NULL, 50),
(64, 'Ugo Schardt', NULL, 50),
(99, 'Benjamin Nicol', 'Protecteur des pâtes sacrées', 67),
(103, 'Jodie Monterde', '⠨⠉⠓⠑⠋ ⠎⠥⠏⠗⠣⠍⠑ ⠙⠥ ⠉⠥⠇⠞⠑', 70),
(104, 'Noah Miquel', '⠉⠥⠇⠞⠊⠎⠞⠑', 70),
(105, 'Ugo Schardt', '⠉⠥⠇⠞⠊⠎⠞⠑', 70);



DELETE FROM `AssignmentSpeaker`;
INSERT INTO `AssignmentSpeaker` (`field_id`, `speaker_id`) VALUES
(1, 14),
(1, 18),
(1, 62),
(1, 105),
(2, 6),
(2, 8),
(2, 9),
(2, 13),
(2, 21),
(2, 62),
(2, 63),
(2, 99),
(2, 103),
(3, 3),
(3, 4),
(3, 5),
(3, 11),
(3, 20),
(3, 62),
(3, 63),
(3, 104),
(4, 10),
(4, 12),
(4, 15),
(4, 19),
(4, 62),
(4, 64),
(4, 105),
(5, 7),
(5, 16),
(5, 17),
(5, 104);



DELETE FROM `WishList`;
INSERT INTO `WishList` (`user_id`, `company_id`) VALUES
(1, 12),
(1, 16),
(2, 8),
(2, 10),
(2, 13),
(2, 17),
(3, 2),
(3, 3),
(3, 4),
(3, 9),
(3, 18),
(4, 5),
(4, 6),
(4, 7),
(4, 11),
(4, 19),
(5, 5),
(5, 14),
(5, 15),
(6, 12),
(7, 2),
(7, 3),
(7, 4),
(9, 8),
(9, 13),
(10, 16),
(11, 14),
(12, 2),
(12, 4),
(12, 9),
(12, 18),
(13, 5),
(16, 2),
(16, 3),
(16, 4),
(17, 7),
(17, 11),
(17, 19),
(18, 12),
(18, 16),
(19, 14),
(19, 15),
(20, 13),
(20, 17);